{"cameraMode":{"drawMode":0,"name":"Shaded","section":"Shading Mode"},"sceneLighting":true,"audioPlay":false,"sceneViewState":{"showFog":true,"showMaterialUpdate":false,"showSkybox":false,"showFlares":true,"showImageEffects":true,"showParticleSystems":true},"in2DMode":false,"pivot":{"x":9.538026809692383,"y":0.4221203923225403,"z":-3.677424430847168},"rotation":{"x":-0.00011350963177392259,"y":0.9955093860626221,"z":-0.0946677178144455,"w":-0.0011937125818803907},"size":29.325153350830079,"orthographic":false}