{"cameraMode":{"drawMode":0,"name":"Shaded","section":"Shading Mode"},"sceneLighting":true,"audioPlay":false,"sceneViewState":{"showFog":true,"showMaterialUpdate":false,"showSkybox":false,"showFlares":true,"showImageEffects":true,"showParticleSystems":true},"in2DMode":false,"pivot":{"x":-2.932842493057251,"y":-1.6449801921844483,"z":-2.8849782943725588},"rotation":{"x":-0.1016799658536911,"y":0.8690882325172424,"z":-0.2005688101053238,"w":-0.44059187173843386},"size":12.497289657592774,"orthographic":false}