{"cameraMode":{"drawMode":0,"name":"Shaded","section":"Shading Mode"},"sceneLighting":true,"audioPlay":false,"sceneViewState":{"showFog":true,"showMaterialUpdate":false,"showSkybox":false,"showFlares":true,"showImageEffects":true,"showParticleSystems":true},"in2DMode":false,"pivot":{"x":0.9586845636367798,"y":2.3016066551208498,"z":-4.015432834625244},"rotation":{"x":-0.00011350963177392259,"y":0.9955093860626221,"z":-0.0946677178144455,"w":-0.0011937125818803907},"size":23.260868072509767,"orthographic":false}